prompt,response
1. How can I select the most suitable course for my career aspirations?,"Selecting the right course involves understanding your interests, skills, and long-term career goals. We offer career counseling sessions and assessments to help you make an informed decision."
2. What are the essential documents required for the application process?,"The necessary documents typically include academic transcripts, standardized test scores, letters of recommendation, a well-crafted statement of purpose, a resume, and financial statements."
3. How can I improve my chances of getting admitted to my preferred university?,"We assist you in highlighting your strengths through a comprehensive application strategy, emphasizing relevant experiences and showcasing unique skills."
4. What are the key elements of a strong Statement of Purpose (SOP)?,"A compelling SOP should showcase your academic background, career goals, relevant experiences, and reasons for choosing a particular university."
5. Can you provide some examples of effective SOPs for reference?,"Yes, we have a collection of sample SOPs tailored for different fields and universities."
6. How can I secure the best education loan for my overseas education?,We collaborate with various financial institutions and provide guidance on the best available options for education loans.
7. What are the common challenges students face during the visa application process?,"We provide comprehensive support to navigate visa requirements, gather necessary documentation, and prepare for the visa interview."
"8. How can I prepare effectively for a visa interview, especially for the USA?",We offer mock interviews and personalized coaching to help you effectively communicate your intentions and plans to the visa officer.
"9. What are the differences in the education systems between the US, Canada, UK, and Australia?","Each country has its own unique education system, with variations in curriculum, grading systems, and teaching methodologies."
10. How can I ensure my budget aligns with the cost of living and education in my chosen destination?,"We offer comprehensive guidance on estimating total expenses, creating a detailed budget plan, and providing information on available scholarships and financial aids."
11. What are the job prospects and career opportunities in my field of study in different countries?,We provide in-depth information about job market trends and career prospects in your chosen field of study across various countries.
12. What are the current trends in university admissions and rejections for international students?,We stay updated with the latest trends in university admissions and rejections and provide insights into the factors that influence admission decisions.
13. How can I manage my work experience effectively to enhance my application?,We provide guidance on effectively showcasing your work experience and aligning it with your academic and career goals.
14. Can you provide guidance on securing scholarships or financial aid for studying abroad?,We offer comprehensive guidance on various scholarship opportunities and financial aid programs available for international students.
15. What are the specific English language proficiency requirements for different countries?,"We provide detailed information on specific English language proficiency tests accepted by different countries, such as IELTS, TOEFL, or PTE."
"16. How long does the application process generally take, from start to finish?","The application process duration varies, typically taking several months to a year."
17. Can you provide assistance with accommodation arrangements in my chosen destination?,We offer support in finding suitable accommodation options that meet your preferences and budget constraints in your chosen destination.
18. Are there any specific cultural or social considerations I should be aware of before studying abroad?,"We provide cultural orientation sessions to help you understand social norms, cultural practices, and etiquette of your chosen destination."
19. How can I stay connected with my family and friends while studying in a different country?,We offer guidance on various communication options and provide information on local community groups and support networks.
20. What kind of support can I expect from your team after I have been accepted into a university?,"We provide ongoing support with pre-departure orientation, travel arrangements, and guidance on visa extension processes, along with assistance for any academic or personal challenges you may face during your academic journey abroad."
What is an SOP (Statement of Purpose) in the context of university applications?,"An SOP (Statement of Purpose) is a document that outlines a student's academic and professional background, career goals, and reasons for applying to a particular educational program, providing insights into their motivations and aspirations."
How does an LOR (Letter of Recommendation) contribute to a student's application?,"An LOR (Letter of Recommendation) is a document written by a teacher, counselor, or professional acquaintance that assesses a student's qualifications, character, and potential, providing additional perspective and credibility to the student's application."
"What is an education loan, and how does it support students studying abroad?","An education loan is a financial assistance program provided by banks or financial institutions to support students in funding their education expenses, including tuition fees, living costs, and other related expenditures while studying abroad."
"What does the term ""cost of living"" refer to in the context of studying abroad?","The term ""cost of living"" refers to the amount of money required to sustain an individual's basic needs, such as accommodation, food, transportation, and other essential expenses, in a specific geographic location or country."
What are the common components of an academic transcript?,"An academic transcript is an official record of a student's academic performance, including the courses taken, grades received, and other relevant academic achievements, typically provided by educational institutions as part of the application process."
"What does the term ""IELTS"" stand for, and how is it relevant to international students?","IELTS stands for the International English Language Testing System, a standardized test that assesses the English language proficiency of non-native English speakers, often required for admission to educational institutions and for immigration purposes in English-speaking countries."
"What is the significance of ""GRE"" and ""GMAT"" scores for students applying to graduate programs?","GRE (Graduate Record Examination) and GMAT (Graduate Management Admission Test) are standardized tests commonly required for admission to graduate programs, assessing a student's readiness for advanced studies in various fields, including business and other disciplines."
"What does the acronym ""TOEFL"" represent, and how is it related to English language proficiency?","TOEFL stands for Test of English as a Foreign Language, a standardized test that evaluates the English language proficiency of non-native speakers, commonly used for admission to academic institutions where English is the medium of instruction."
"How do ""scholarships"" differ from ""financial aid"" in the context of funding for international students?","Scholarships are financial awards granted to students based on academic merit, financial need, or other criteria, while financial aid refers to various forms of monetary assistance provided to students to support their education, which may include scholarships, grants, loans, and work-study programs."
"What is the meaning of ""Cultural Exchange Program,"" and how does it benefit students?","A Cultural Exchange Program facilitates the cultural and educational exchange between individuals from different countries, promoting mutual understanding and fostering international cooperation through various educational and cultural activities."
"What is the purpose of the ""Common Application"" in the college admissions process?","The Common Application is a standardized college application platform that allows students to apply to multiple participating colleges and universities using a single application, streamlining the application process and minimizing the need for redundant paperwork."
"What does the term ""Undergraduate Degree"" signify, and how does it differ from a ""Postgraduate Degree""?","An Undergraduate Degree refers to a bachelor's degree obtained after completing a higher education program typically spanning three to four years, while a Postgraduate Degree refers to an advanced degree pursued after the completion of an undergraduate program, such as a master's or doctoral degree."
"What is the role of ""Extracurricular Activities"" in a student's application for universities abroad?","Extracurricular activities encompass activities pursued outside of the regular academic curriculum, including participation in sports, clubs, volunteer work, internships, and other non-academic endeavors that demonstrate a student's interests, skills, and personal development."
"What does the term ""Visa Sponsorship"" entail for international students?","Visa Sponsorship involves a legal arrangement in which an individual or organization assumes the responsibility of supporting a foreign national's visa application, often required for international students to obtain the necessary visa for studying abroad."
"What is the significance of ""TOEIC"" scores in the context of language proficiency assessments?","TOEIC (Test of English for International Communication) is an English language proficiency test designed to assess the everyday English communication skills of non-native speakers, commonly used by corporations and educational institutions to evaluate the English proficiency of employees or students in an international business context."
"How do ""Transnational Education"" programs differ from traditional study abroad programs?","Transnational Education programs refer to educational initiatives that involve the delivery of educational services across national borders, allowing students to earn degrees or qualifications from institutions based in different countries without having to be physically present on the campuses."
"What is the significance of ""AP"" (Advanced Placement) courses for high school students preparing for university admissions?","Advanced Placement (AP) courses are rigorous high school courses that offer college-level curricula and examinations, allowing students to earn college credits or advanced placement in college based on their performance in the AP exams, providing a head start in their higher education journey."
"What does the term ""Intercultural Communication"" refer to in the context of international education?","Intercultural Communication refers to the exchange of information and ideas between individuals or groups from different cultural backgrounds, emphasizing the importance of understanding and respecting cultural differences to facilitate effective communication and mutual understanding in diverse settings."
"What is the role of ""Tuition Fees"" in determining the overall cost of education for international students?","Tuition Fees are the charges imposed by educational institutions for instruction and other educational services provided to students, representing a significant component of the overall cost of education for students pursuing higher studies, including those studying abroad."
"What is the difference between ""Need-blind Admissions"" and ""Need-aware Admissions"" in university application processes?","Need-blind Admissions refers to an admission policy where a student's financial background or ability to pay tuition fees does not influence the admission decision, while Need-aware Admissions indicate that a student's financial need may be considered during the admission process, potentially impacting the admission decision or financial aid offer."
What are the available scholarship options for international students?,"Various scholarship options are available for international students, including merit-based scholarships, need-based scholarships, and scholarships offered by specific universities or external organizations. Our team can assist you in identifying relevant scholarship opportunities and provide guidance on the application process."
How can I find part-time job opportunities while studying abroad?,"Part-time job opportunities for international students often include positions on campus, such as working in the library, administrative offices, or student services. Off-campus employment may also be available in local businesses or restaurants. Our advisors can offer information on the specific regulations and procedures for securing part-time work while studying abroad."
What extracurricular activities are available on campus?,"There are numerous extracurricular activities available on campus, ranging from student clubs and organizations to sports teams, cultural associations, and academic groups. Our team can provide you with a comprehensive list of available activities and help you get connected with the ones that align with your interests and aspirations."
Can you provide guidance on the housing options for international students?,"Various housing options are available for international students, including on-campus dormitories, off-campus apartments, and homestays. Our advisors can provide detailed information on each housing option, including the application process, costs, and proximity to campus, helping you make an informed decision based on your preferences and budget."
How can I get involved in community service initiatives during my studies?,"Opportunities for community service initiatives often include volunteering for local nonprofit organizations, participating in campus-led community outreach programs, or joining community service clubs. Our team can provide information on current volunteer opportunities and guide you in getting involved in meaningful community service activities during your studies."
Are there any opportunities for international students to participate in research projects?,"Opportunities to participate in research projects may be available through collaboration with faculty members, research centers, or specific academic departments within your university. Our advisors can assist you in identifying research opportunities aligned with your academic interests and career goals, helping you gain valuable research experience during your studies."
What support services are available for students experiencing cultural adjustment challenges?,"Support services for students experiencing cultural adjustment challenges often include counseling services, cultural integration programs, and peer support groups. Our team can connect you with relevant support resources and provide guidance on accessing counseling services and other forms of support to help you navigate cultural adjustments effectively."
How can I access mental health resources and counseling services on campus?,"Access to mental health resources and counseling services on campus is typically available through university health centers or counseling centers. Our advisors can provide information on the available mental health services, including counseling sessions, support groups, and mental health awareness programs, ensuring you have access to the necessary resources for maintaining your well-being during your studies."
Are there any networking events or career fairs organized for students in my field of study?,"Networking events and career fairs are frequently organized for students in various fields of study, providing opportunities to connect with professionals, industry experts, and potential employers. Our team can keep you informed about upcoming networking events and career fairs relevant to your field, enabling you to expand your professional network and explore potential career opportunities."
Can you provide information on student organizations or clubs focused on specific hobbies or interests?,"Information on student organizations or clubs focused on specific hobbies or interests is typically available through the university's student affairs office or student union. Our advisors can provide you with a list of student organizations and clubs catering to diverse interests, helping you find like-minded peers and engage in activities that align with your passions and hobbies."
Hi How are you,"Hello I am a virtual chatbot , Thanks for contacting X , Please ask me any question related to studying abroad"
Hello How are you,"Hello I am a virtual chatbot , Thanks for contacting X , Please ask me any question related to studying abroad"
